1,tysonscorner,Tysons Corner,McLean,VA,USA,"May 19, 2001",2001,010,
2,glendalegalleria,Glendale Galleria,Glendale,CA,USA,"May 19, 2001",2001,001,
3,willowbend,Willow Bend,Plano,TX,USA,"August 3, 2001",2001,008,
4,mallofamerica,Mall of America,Bloomington,MN,USA,"August 11, 2001",2001,007,
5,woodfield,Woodfield,Schaumburg,IL,USA,"August 23, 2001",2001,018,
6,marketstreet,MarketStreet,Lynnfield,MA,USA,"September 1, 2001",2001,011,
7,eastontowncenter,Easton Town Center,Columbus,OH,USA,"September 7, 2001",2001,009,
8,internationalplaza,International Plaza,Tampa,FL,USA,"September 18, 2001",2001,019,
9,paloalto,Palo Alto,Palo Alto,CA,USA,"October 10, 2001",2001,002,
10,crossgates,Crossgates,Albany,NY,USA,"October 13, 2001",2001,017,
11,saddlecreek,Saddle Creek,Germantown,TN,USA,"October 13, 2001",2001,020,
12,northridge,Northridge,Northridge,CA,USA,"October 13, 2001",2001,023,
13,westfarms,Westfarms,Farmington,CT,USA,"October 13, 2001",2001,025,
14,chandlerfashioncenter,Chandler Fashion Center,Chandler,AZ,USA,"October 27, 2001",2001,026,
15,kenwoodtownecentre,Kenwood Towne Centre,Cincinnati,OH,USA,"November 3, 2001",2001,028,
16,aspengrove,Aspen Grove,Littleton,CO,USA,"November 10, 2001",2001,030,
17,fashionisland,Fashion Island,Newport Beach,CA,USA,"November 10, 2001",2001,015,
18,waldengalleria,Walden Galleria,Buffalo,NY,USA,"November 23, 2001",2001,016,
19,thefalls,The Falls,Miami,FL,USA,"November 23, 2001",2001,012,
20,fashionvalley,Fashion Valley,San Diego,CA,USA,"November 23, 2001",2001,040,
21,valleyfair,Valley Fair,Santa Clara,CA,USA,"November 23, 2001",2001,039,
22,ticescorner,Tice's Corner,Woodcliff Lake,NJ,USA,"November 27, 2001",2001,013,
23,clarendon,Clarendon,Arlington,VA,USA,"December 1, 2001",2001,036,
24,southcoastplaza,South Coast Plaza,Costa Mesa,CA,USA,"December 1, 2001",2001,004,
25,rockinghampark,Rockingham Park,Salem,NH,USA,"December 8, 2001",2001,027,
26,nanuet,Nanuet,Nanuet,NY,USA,"December 8, 2001",2001,046,
27,cambridgeside,Cambridgeside,Cambridge,MA,USA,"December 15, 2001",2001,021,
28,southpoint,Southpoint,Durham,NC,USA,"March 9, 2002",2002,049,
29,biltmore,Biltmore,Phoenix,AZ,USA,"March 30, 2002",2002,031,
30,lenoxsquare,Lenox Square,Atlanta,GA,USA,"May 11, 2002",2002,006,
31,shorthills,Short Hills,Short Hills,NJ,USA,"June 22, 2002",2002,043,
32,soho,SoHo,New York,NY,USA,"July 18, 2002",2002,032,
33,rooseveltfield,Roosevelt Field,Garden City,NY,USA,"July 20, 2002",2002,060,
34,thegrove,The Grove,Los Angeles,CA,USA,"July 26, 2002",2002,050,
35,wellingtongreen,Wellington Green,Wellington,FL,USA,"August 17, 2002",2002,024,
36,twelveoaks,Twelve Oaks,Novi,MI,USA,"August 31, 2002",2002,041,
37,mayfair,Mayfair,Wauwatosa,WI,USA,"August 31, 2002",2002,059,
38,thewestchester,The Westchester,White Plains,NY,USA,"September 7, 2002",2002,061,
39,westcounty,West County,Des Peres,MO,USA,"September 21, 2002",2002,062,
40,houstongalleria,Houston Galleria,Houston,TX,USA,"September 21, 2002",2002,058,
41,towsontowncenter,Towson Town Center,Towson,MD,USA,"October 5, 2002",2002,063,
42,somerset,Somerset,Troy,MI,USA,"October 12, 2002",2002,055,
43,millenia,Millenia,Orlando,FL,USA,"October 19, 2002",2002,053,
44,thefashionmallatkeystone,The Fashion Mall at Keystone,Indianapolis,IN,USA,"November 2, 2002",2002,066,
45,southdale,Southdale,Edina,MN,USA,"November 2, 2002",2002,054,
46,fashionshow,Fashion Show,Las Vegas,NV,USA,"November 2, 2002",2002,064,
47,menlopark,Menlo Park,Edison,NJ,USA,"November 9, 2002",2002,067,
48,kingofprussia,King of Prussia,King of Prussia,PA,USA,"November 9, 2002",2002,065,
49,baystreet,Bay Street,Emeryville,CA,USA,"November 23, 2002",2002,057,
50,cherrycreek,Cherry Creek,Denver,CO,USA,"November 23, 2002",2002,047,
51,oakbrook,Oakbrook,Oak Brook,IL,USA,"November 29, 2002",2002,056,
52,pasadena,Pasadena,Pasadena,CA,USA,"January 7, 2003",2003,034,
53,knoxstreet,Knox Street,Dallas,TX,USA,"January 25, 2003",2003,042,
54,bellevuesquare,Bellevue Square,Bellevue,WA,USA,"May 10, 2003",2003,003,
55,waltwhitman,Walt Whitman,Huntington Station,NY,USA,"May 10, 2003",2003,068,
56,ardenfair,Arden Fair,Sacramento,CA,USA,"May 17, 2003",2003,070,
57,alamoana,Ala Moana,Honolulu,HI,USA,"May 17, 2003",2003,073,
58,chestnuthill,Chestnut Hill,Chestnut Hill,MA,USA,"June 14, 2003",2003,076,
59,northmichiganavenue,North Michigan Avenue,Chicago,IL,USA,"June 27, 2003",2003,035,
60,bocaraton,Boca Raton,Boca Raton,FL,USA,"July 4, 2003",2003,074,
61,thirdstreetpromenade,Third Street Promenade,Santa Monica,CA,USA,"July 11, 2003",2003,051,
62,walnutcreek,Walnut Creek,Walnut Creek,CA,USA,"July 12, 2003",2003,014,
63,burlingame,Burlingame,Burlingame,CA,USA,"July 26, 2003",2003,029,
64,shortpumptowncenter,Short Pump Town Center,Richmond,VA,USA,"September 4, 2003",2003,078,
65,universityvillage,University Village,Seattle,WA,USA,"September 26, 2003",2003,072,
66,eton,Eton,Woodmere,OH,USA,"October 24, 2003",2003,081,
67,utc,University Town Center,San Diego,CA,USA,"October 24, 2003",2003,082,
68,sagemore,Sagemore,Marlton,NJ,USA,"November 1, 2003",2003,088,
69,cortemadera,Corte Madera,Corte Madera,CA,USA,"November 1, 2003",2003,071,
70,oldorchard,Old Orchard,Skokie,IL,USA,"November 7, 2003",2003,089,
71,washingtonsquare,Washington Square,Tigard,OR,USA,"November 15, 2003",2003,090,
72,ginza,Ginza,Tokyo,,Japan,"November 30, 2003",2003,079,
73,avalon,Avalon,Alpharetta,GA,USA,"December 6, 2003",2003,080,
74,laencantada,LaEncantada,Tucson,AZ,USA,"January 24, 2004",2004,086,
75,aventura,Aventura,Aventura,FL,USA,"January 31, 2004",2004,087,
76,missionviejo,Mission Viejo,Mission Viejo,CA,USA,"February 13, 2004",2004,069,
77,unionsquare,Union Square,San Francisco,CA,USA,"February 28, 2004",2004,075,gallery
78,southpark,SouthPark,Charlotte,NC,USA,"March 12, 2004",2004,083,
79,montgomerymall,Montgomery Mall,Bethesda,MD,USA,"May 8, 2004",2004,084,
80,bartoncreek,Barton Creek,Austin,TX,USA,"June 12, 2004",2004,085,
81,rosedalecenter,Rosedale Center,Roseville,MN,USA,"July 24, 2004",2004,022,
82,shinsaibashi,Shinsaibashi,Osaka,,Japan,"August 28, 2004",2004,091,
83,shadyside,Shadyside,Pittsburgh,PA,USA,"September 4, 2004",2004,096,
84,stoneridgemall,Stoneridge Mall,Pleasanton,CA,USA,"September 18, 2004",2004,101,
85,stonestown,Stonestown,San Francisco,CA,USA,"September 25, 2004",2004,033,
86,countryclubplaza,Country Club Plaza,Kansas City,MO,USA,"September 25, 2004",2004,097,
87,christianamall,Christiana Mall,Wilmington,DE,USA,"October 16, 2004",2004,102,
88,stanford,Stanford,Palo Alto,CA,USA,"October 16, 2004",2004,099,
89,santarosaplaza,Santa Rosa Plaza,Santa Rosa,CA,USA,"October 16, 2004",2004,044,
90,rockaway,Rockaway,Rockaway,NJ,USA,"October 16, 2004",2004,103,
91,bridgewater,Bridgewater,Bridgewater,NJ,USA,"October 16, 2004",2004,104,
92,oakridge,Oakridge,San Jose,CA,USA,"October 16, 2004",2004,105,
93,southcenter,Southcenter,Tukwila,WA,USA,"October 16, 2004",2004,106,
94,victoriagardens,Victoria Gardens,Rancho Cucamonga,CA,USA,"October 28, 2004",2004,094,
95,danburyfairmall,Danbury Fair Mall,Danbury,CT,USA,"October 30, 2004",2004,093,
96,alderwoodmall,Alderwood Mall,Lynnwood,WA,USA,"November 4, 2004",2004,100,
97,jordancreek,Jordan Creek,West Des Moines,IA,USA,"November 6, 2004",2004,109,
98,syracuse,Syracuse,Syracuse,NY,USA,"November 6, 2004",2004,107,
99,regentstreet,Regent Street,London,,UK,"November 20, 2004",2004,092,
100,bethesdarow,Bethesda Row,Bethesda,MD,USA,"December 11, 2004",2004,112,
101,saintlouisgalleria,Saint Louis Galleria,Richmond Heights,MO,USA,"December 18, 2004",2004,114,
102,nagoyasakae,Nagoya Sakae,Nagoya,,Japan,"January 22, 2005",2005,005,
103,stjohnstowncenter,St. Johns Town Center,Jacksonville,FL,USA,"March 18, 2005",2005,111,
104,thegardensmall,The Gardens Mall,Palm Beach Gardens,FL,USA,"April 23, 2005",2005,127,
105,birmingham,Birmingham,Birmingham,,UK,"April 29, 2005",2005,118,
106,yorkdale,Yorkdale,Toronto,Ontario,Canada,"May 21, 2005",2005,120,
107,centurycity,Century City,Century City,CA,USA,"June 4, 2005",2005,108,
108,greenhills,Green Hills,Nashville,TN,USA,"June 4, 2005",2005,123,
109,bridgeportvillage,Bridgeport Village,Tualatin,OR,USA,"June 4, 2005",2005,122,
110,woodland,Woodland,Grand Rapids,MI,USA,"June 25, 2005",2005,132,
111,bluewater,Bluewater,Kent,,UK,"July 9, 2005",2005,113,
112,northbrook,Northbrook,Northbrook,IL,USA,"July 16, 2005",2005,141,
113,pioneerplace,Pioneer Place,Portland,OR,USA,"July 16, 2005",2005,077,
114,eastview,Eastview,Victor,NY,USA,"July 23, 2005",2005,140,
115,manhattanvillage,Manhattan Village,Manhattan Beach,CA,USA,"July 30, 2005",2005,134,
116,thewoodlands,The Woodlands,Houston,TX,USA,"July 30, 2005",2005,126,
117,southshore,South Shore,Braintree,MA,USA,"August 6, 2005",2005,110,
118,pentagoncity,Pentagon City,Arlington,VA,USA,"August 6, 2005",2005,129,
119,shibuya,Shibuya,Tokyo,,Japan,"August 6, 2005",2005,119,
120,annapolis,Annapolis,Annapolis,MD,USA,"August 27, 2005",2005,142,
121,lacantera,La Cantera,San Antonio,TX,USA,"September 16, 2005",2005,131,
122,pennsquare,Penn Square,Oklahoma City,OK,USA,"September 24, 2005",2005,130,
123,floridamall,Florida Mall,Orlando,FL,USA,"September 24, 2005",2005,143,
124,southhillsvillage,South Hills Village,Pittsburgh,PA,USA,"September 24, 2005",2005,147,
125,statenisland,Staten Island,Staten Island,NY,USA,"October 15, 2005",2005,152,
126,theoaks,The Oaks,Thousand Oaks,CA,USA,"October 29, 2005",2005,154,
127,burlington,Burlington,Burlington,MA,USA,"November 5, 2005",2005,155,
128,breamall,Brea Mall,Brea,CA,USA,"November 12, 2005",2005,156,
129,traffordcentre,Trafford Centre,Manchester,,UK,"November 19, 2005",2005,136,
130,shermanoaks,Sherman Oaks,Sherman Oaks,CA,USA,"November 19, 2005",2005,148,
131,beverlycenter,Beverly Center,Los Angeles,CA,USA,"November 19, 2005",2005,124,
132,fukuokatenjin,Fukuoka Tenjin,Fukuoka,,Japan,"December 3, 2005",2005,048,
133,sendaiichibancho,Sendai Ichibancho,Sendai,,Japan,"December 10, 2005",2005,150,
134,meadowhall,Meadowhall,Sheffield,,UK,"December 10, 2005",2005,153,
135,brentcross,Brent Cross,London,,UK,"January 28, 2006",2006,163,
136,gardenstateplaza,Garden State Plaza,Paramus,NJ,USA,"February 4, 2006",2006,117,
137,irvinespectrumcenter,Irvine Spectrum Center,Los Angeles,CA,USA,"February 11, 2006",2006,146,
138,derbystreet,Derby Street,Hingham,MA,USA,"February 18, 2006",2006,137,
139,northparkcenter,NorthPark Center,Dallas,TX,USA,"March 4, 2006",2006,144,
140,summitsierra,Summit Sierra,Reno,NV,USA,"March 11, 2006",2006,186,
141,southlaketownsquare,Southlake Town Square,Southlake,TX,USA,"April 8, 2006",2006,151,
142,flatironcrossing,Flatiron Crossing,Broomfield,CO,USA,"May 6, 2006",2006,182,
143,eatoncentre,Eaton Centre,Toronto,Ontario,Canada,"May 6, 2006",2006,121,
144,suburbansquare,Suburban Square,Ardmore,PA,USA,"May 13, 2006",2006,166,
145,simivalley,Simi Valley,Simi Valley,CA,USA,"May 13, 2006",2006,171,
146,fifthavenue,Fifth Avenue,New York,NY,USA,"May 19, 2006",2006,095,gallery
147,freeholdracewaymall,Freehold Raceway Mall,Freehold,NJ,USA,"May 27, 2006",2006,138,
148,perimeter,Perimeter,Atlanta,GA,USA,"June 3, 2006",2006,184,
149,ridgedale,Ridgedale,Minnetonka,MN,USA,"June 6, 2006",2006,183,
150,memorialcity,Memorial City,Houston,TX,USA,"June 17, 2006",2006,164,
151,crabtreevalleymall,Crabtree Valley Mall,Raleigh,NC,USA,"June 24, 2006",2006,116,
153,stamford,Stamford,Stamford,CT,USA,"July 1, 2006",2006,202,
154,westtownmall,West Town Mall,Knoxville,TN,USA,"July 1, 2006",2006,203,
155,lincolnroad,Lincoln Road,Miami,FL,USA,"July 21, 2006",2006,115,
156,thepier,The Pier,Atlantic City,NJ,USA,"August 19, 2006",2006,173,
157,sherwaygardens,Sherway Gardens,Toronto,Ontario,Canada,"September 2, 2006",2006,208,
158,carrefourlaval,Carrefour Laval,Laval,Quebec,Canada,"September 9, 2006",2006,207,
159,macarthurcenter,MacArthur Center,Norfolk,VA,USA,"September 9, 2006",2006,211,
160,smithhaven,Smith Haven,Lake Grove,NY,USA,"September 9, 2006",2006,139,
161,columbia,Columbia,Columbia,MD,USA,"September 23, 2006",2006,168,
162,providenceplace,Providence Place,Providence,RI,USA,"September 23, 2006",2006,167,
163,villagepointe,Village Pointe,Omaha,NE,USA,"September 23, 2006",2006,190,
164,manchesterarndale,Manchester Arndale,Manchester,,UK,"September 30, 2006",2006,215,
165,topanga,Topanga,Canoga Park,CA,USA,"October 6, 2006",2006,189,
166,twentyninthstreet,Twenty Ninth Street,Boulder,CO,USA,"October 13, 2006",2006,172,
167,otayranch,Otay Ranch,San Diego,CA,USA,"October 27, 2006",2006,213,
168,abquptown,ABQ Uptown,Albuquerque,NM,USA,"November 1, 2006",2006,177,
169,firstcolonymall,First Colony Mall,Sugar Land,TX,USA,"November 11, 2006",2006,205,
170,kahala,Kahala,Honolulu,HI,USA,"February 10, 2007",2007,210,
171,westquay,West Quay,Southampton,,UK,"February 10, 2007",2007,174,
172,bentallcentre,Bentall Centre,London,,UK,"February 17, 2007",2007,227,
173,coconutpoint,Coconut Point,Bonita Springs,FL,USA,"March 24, 2007",2007,185,
174,thedomain,The Domain,Austin,TX,USA,"March 9, 2007",2007,216,
175,watersideshops,Waterside Shops,Naples,FL,USA,"March 10, 2007",2007,169,
176,romaest,Roma Est,Rome,,Italy,"March 31, 2007",2007,038,
177,thesummit,The Summit,Birmingham,AL,USA,"April 14, 2007",2007,225,
178,parkmeadows,Park Meadows,Lone Tree,CO,USA,"April 21, 2007",2007,228,
179,thegalleria,The Galleria,Fort Lauderdale,FL,USA,"April 21, 2007",2007,214,
180,baybrook,Baybrook,Friendswood,TX,USA,"May 12, 2007",2007,204,
181,fashionfair,Fashion Fair,Fresno,CA,USA,"June 9, 2007",2007,236,
182,higuerastreet,Higuera Street,San Luis Obispo,CA,USA,"June 9, 2007",2007,199,
183,woodlandhills,Woodland Hills,Tulsa,OK,USA,"June 29, 2007",2007,233,
184,bayshore,Bayshore,Glendale,WI,USA,"June 29, 2007",2007,257,
185,westtowne,West Towne,Madison,WI,USA,"July 7, 2007",2007,229,
186,holyoke,Holyoke,Holyoke,MA,USA,"July 21, 2007",2007,191,
187,briarwood,Briarwood,Ann Arbor,MI,USA,"July 21, 2007",2007,230,
188,orlandsquaremall,Orland Square Mall,Orland Park,IL,USA,"July 21, 2007",2007,237,
189,buchananstreet,Buchanan Street,Glasgow,,UK,"August 25, 2007",2007,135,
190,oxmoor,Oxmoor,Louisville,KY,USA,"September 6, 2007",2007,264,
191,losgatos,Los Gatos,Los Gatos,CA,USA,"September 6, 2007",2007,240,
192,natickcollection,Natick Collection,Natick,MA,USA,"September 8, 2007",2007,232,
193,deerpark,Deer Park,Deer Park,IL,USA,"September 15, 2007",2007,258,
194,touchwoodcentre,Touchwood Centre,Solihull,,UK,"September 22, 2007",2007,255,
195,mallofgeorgia,Mall of Georgia,Buford,GA,USA,"September 22, 2007",2007,259,
196,lehighvalley,Lehigh Valley,Whitehall,PA,USA,"September 29, 2007",2007,281,
197,partridgecreek,Partridge Creek,Detroit,MI,USA,"October 18, 2007",2007,218,
198,lakeside,Lakeside,West Thurrock,,UK,"October 20, 2007",2007,242,
199,santanvillage,SanTan Village,Gilbert,AZ,USA,"October 26, 2007",2007,267,
200,townsquare,Town Square,Las Vegas,NV,USA,"November 14, 2007",2007,219,
201,chestnutstreet,Chestnut Street,San Francisco,CA,USA,"November 23, 2007",2007,217,
202,princesshay,Princesshay,Exeter,,UK,"November 24, 2007",2007,279,
203,west14thstreet,West 14th Street,New York,NY,USA,"December 7, 2007",2007,250,gallery
204,miltonkeynes,Milton Keynes,Milton Keynes,,UK,"March 1, 2008",2008,269,
205,malloflouisiana,Mall of Louisiana,Baton Rouge,LA,USA,"March 6, 2008",2008,263,
206,grandarcade,Grand Arcade,Cambridgeshire,,UK,"March 27, 2008",2008,270,
207,cherryhill,Cherry Hill,Cherry Hill,NJ,USA,"March 29, 2008",2008,206,
208,fairoaks,Fair Oaks Mall,Fairfax,VA,USA,"April 26, 2008",2008,165,
209,boylstonstreet,Boylston Street,Boston,MA,USA,"May 15, 2008",2008,149,gallery
210,pacificcentre,Pacific Centre,Vancouver,British Columbia,Canada,"May 24, 2008",2008,280,
211,brandon,Brandon,Brandon,FL,USA,"May 24, 2008",2008,289,
212,bridgestreet,Bridge Street,Huntsville,AL,USA,"May 31, 2008",2008,266,
213,willowbrookmall,Willowbrook Mall,Houston,TX,USA,"June 7, 2008",2008,321,
214,sydney,Sydney,Sydney,,Australia,"June 19, 2008",2008,238,
215,northstar,North Star,San Antonio,TX,USA,"June 28, 2008",2008,290,
216,westedmonton,West Edmonton,Edmonton,Alberta,Canada,"July 5, 2008",2008,273,
217,leawood,Leawood,Leawood,KS,USA,"July 11, 2008",2008,283,
218,sanlitun,Sanlitun,Beijing,,China,"July 19, 2008",2008,320,gallery
219,saintecatherine,Sainte Catherine,Montréal,Quebec,Canada,"July 25, 2008",2008,248,
220,liverpool,Liverpool,Liverpool,,UK,"July 26, 2008",2008,239,
221,kingstreet,King Street,Charleston,SC,USA,"July 26, 2008",2008,318,
222,arrowhead,Arrowhead,Glendale,AZ,USA,"July 26, 2008",2008,247,
223,delmonte,Del Monte,Monterey,CA,USA,"August 9, 2008",2008,305,
224,chatswoodchase,Chatswood Chase,Chatswood,,Australia,"August 9, 2008",2008,253,
225,altamonte,Altamonte,Altamonte Springs,FL,USA,"August 16, 2008",2008,291,
226,carlsbad,Carlsbad,Carlsbad,CA,USA,"August 16, 2008",2008,294,
227,universityparkvillage,University Park Village,Fort Worth,TX,USA,"August 23, 2008",2008,316,
228,renaissanceatcolonypark,Renaissance at Colony Park,Jackson,MS,USA,"August 30, 2008",2008,324,
229,theforumshops,The Forum Shops,Las Vegas,NV,USA,"August 30, 2008",2008,161,
230,highcross,Highcross,Leicester,,UK,"September 4, 2008",2008,308,
231,crockerpark,Crocker Park,Westlake,OH,USA,"September 6, 2008",2008,192,
232,mainemall,Maine Mall,S. Portland,ME,USA,"September 6, 2008",2008,307,
233,chadstone,Chadstone,Melbourne,,Australia,"September 13, 2008",2008,180,
234,willowbrook,Willowbrook,Wayne,NJ,USA,"September 13, 2008",2008,325,
235,victoriasquare,Victoria Square,Belfast,,UK,"September 20, 2008",2008,313,
236,parkcity,Park City,Lancaster,PA,USA,"September 20, 2008",2008,304,
237,thepromenadeshopsatbriargate,The Promenade Shops at Briargate,Colorado Springs,CO,USA,"September 20, 2008",2008,338,
238,northcounty,North County,Escondido,CA,USA,"September 20, 2008",2008,285,
239,hillsdale,Hillsdale Shopping Center,San Mateo,CA,USA,"September 20, 2008",2008,231,
240,ruederive,Rue de Rive,Geneva,,Switzerland,"September 25, 2008",2008,275,
241,cabotcircus,Cabot Circus,Bristol,,UK,"September 25, 2008",2008,252,
242,glattzentrum,Glattzentrum,Zurich,,Switzerland,"September 26, 2008",2008,309,
243,fairview,Fairview,Toronto,Ontario,Canada,"September 27, 2008",2008,333,
244,marketmall,Market Mall,Calgary,Alberta,Canada,"September 27, 2008",2008,301,
245,royalhawaiian,Royal Hawaiian,Honolulu,HI,USA,"September 27, 2008",2008,198,
246,lakesideshoppingcenter,Lakeside Shopping Center,Metairie,LA,USA,"September 27, 2008",2008,235,
247,whitecity,White City,London,,UK,"October 30, 2008",2008,226,
248,dadeland,Dadeland Mall,Miami,FL,USA,"November 8, 2008",2008,312,
249,vintagefaire,Vintage Faire,Modesto,CA,USA,"November 14, 2008",2008,322,
250,rosenstrasse,Rosenstraße,Munich,,Germany,"December 6, 2008",2008,045,gallery
251,friendlycenter,Friendly Center,Greensboro,NC,USA,"February 21, 2009",2009,293,
252,robina,Robina,Robina,,Australia,"May 9, 2009",2009,351,
253,statestreet,State Street,Santa Barbara,CA,USA,"May 16, 2009",2009,317,
254,bahnhofstrasse,Bahnhofstrasse,Zurich,,Switzerland,"May 22, 2009",2009,159,
255,doncaster,Doncaster,Doncaster,,Australia,"May 23, 2009",2009,342,
256,roseville,Roseville,Roseville,CA,USA,"June 6, 2009",2009,298,
257,scottsdalequarter,Scottsdale Quarter,Scottsdale,AZ,USA,"June 12, 2009",2009,292,gallery
258,rideau,Rideau,Ottawa,Ontario,Canada,"July 18, 2009",2009,332,
259,churchillsquare,Churchill Square,Brighton,,UK,"July 25, 2009",2009,244,
260,squareone,Square One,Mississauga,Ontario,Canada,"August 15, 2009",2009,359,
261,mainplace,Main Place,Naperville,IL,USA,"August 15, 2009",2009,348,
262,reston,Reston,Reston,VA,USA,"August 15, 2009",2009,271,
263,stonebriar,Stonebriar,Frisco,TX,USA,"August 28, 2009",2009,302,
264,legacyplace,Legacy Place,Dedham,MA,USA,"August 28, 2009",2009,346,
265,alstertal,Alstertal,Hamburg,,Germany,"August 28, 2009",2009,366,
266,carosello,Carosello,Milano,,Italy,"September 5, 2009",2009,365,
267,augusta,Augusta,Augusta,GA,USA,"September 19, 2009",2009,364,
268,polopark,Polo Park,Winnipeg,Manitoba,Canada,"September 19, 2009",2009,369,
269,oakridgecentre,Oakridge Centre,Vancouver,British Columbia,Canada,"September 26, 2009",2009,362,
270,promenadetemecula,Promenade Temecula,Temecula,CA,USA,"September 26, 2009",2009,345,
271,fairviewpointeclaire,Fairview Pointe Claire,Montréal,Quebec,Canada,"September 26, 2009",2009,392,
272,chapelfield,Chapelfield,Norwich,,UK,"September 26, 2009",2009,391,
273,manhasset,Manhasset,Manhasset,NY,USA,"October 17, 2009",2009,327,
274,stdavids2,St. David's 2,Cardiff,,UK,"October 22, 2009",2009,334,
275,unionsquare,Union Square,Aberdeen,,UK,"October 29, 2009",2009,363,
276,carrouseldulouvre,Carrousel de Louvre,Paris,,France,"November 7, 2009",2009,276,gallery
277,chermside,Chermside,Chermside,,Australia,"November 14, 2009",2009,384,
278,odysseum,Odysseum,Montpellier,,France,"November 14, 2009",2009,367,
279,upperwestside,Upper West Side,New York,NY,USA,"November 14, 2009",2009,251,gallery
280,pheasantlane,Pheasant Lane,Nashua,NH,USA,"November 21, 2009",2009,354,
281,greenwichavenue,Greenwich Avenue,Greenwich,CT,USA,"November 21, 2009",2009,282,
282,cribbscauseway,Cribbs Causeway,Bristol,,UK,"December 12, 2009",2009,393,
283,grossebockenheimerstrasse,Große Bockenheimer Straße,Frankfurt,,Germany,"January 23, 2010",2010,352,
284,eldonsquare,Eldon Square,Newcastle upon Tyne,,UK,"February 16, 2010",2010,341,
285,southgate,SouthGate,Bath,,UK,"March 27, 2010",2010,335,
286,bondi,Bondi,Bondi,,Australia,"May 28, 2010",2010,254,
287,southgatecentre,Southgate Centre,Edmonton,Alberta,Canada,"May 28, 2010",2010,411,
288,tacomamall,Tacoma Mall,Tacoma,WA,USA,"May 29, 2010",2010,339,
289,georgetown,Georgetown,Washington,DC,USA,"June 18, 2010",2010,287,
290,uptown,Uptown,Minneapolis,MN,USA,"June 19, 2010",2010,272,
291,loscerritos,Los Cerritos,Cerritos,CA,USA,"June 24, 2010",2010,300,
292,perthcity,Perth City,Perth,,Australia,"June 26, 2010",2010,386,
293,opera,Opéra,Paris,,France,"July 3, 2010",2010,277,gallery
294,pudong,Pudong,Shanghai,,China,"July 10, 2010",2010,389,gallery
295,haywoodmall,Haywood Mall,Greenville,SC,USA,"July 10, 2010",2010,355,
296,polarisfashionplace,Polaris Fashion Place,Columbus,OH,USA,"July 24, 2010",2010,417,
297,fayettemall,Fayette Mall,Lexington,KY,USA,"July 24, 2010",2010,288,
298,walnutstreet,Walnut Street,Philadelphia,PA,USA,"July 30, 2010",2010,162,
299,coventgarden,Covent Garden,London,,UK,"July 31, 2010",2010,245,gallery
300,castletowers,Castle Towers,Castle Hill,,Australia,"August 19, 2010",2010,344,
301,cap3000,CAP 3000,Nice,,France,"August 28, 2010",2010,395,
302,rosspark,Ross Park,Pittsburgh,PA,USA,"August 28, 2010",2010,413,
303,lamaquinista,La Maquinista,Barcelona,,Spain,"September 4, 2010",2010,406,
304,elpaseovillage,El Paseo Village,Palm Desert,CA,USA,"September 4, 2010",2010,297,
305,xanadu,Xanadú,Madrid,,Spain,"September 11, 2010",2010,397,
306,uppercanadamall,Upper Canada Mall,Newmarket,Ontario,Canada,"September 11, 2010",2010,429,
307,boisetownesquare,Boise Towne Square,Boise,ID,USA,"September 11, 2010",2010,303,
308,richmondcentre,Richmond Centre,Richmond,British Columbia,Canada,"September 11, 2010",2010,421,
309,legru,Le Gru,Torino,,Italy,"September 18, 2010",2010,278,
310,hongkongplaza,Hong Kong Plaza,Shanghai,,China,"September 25, 2010",2010,390,
311,xidanjoycity,Xidan Joy City,Beijing,,China,"September 25, 2010",2010,388,
312,oriocenter,Oriocenter,Bergamo,,Italy,"September 25, 2010",2010,418,
313,velizy2,Vélizy 2,Vélizy-Villacoublay,,France,"September 25, 2010",2010,315,
314,metrocentre,Metrocentre,Gateshead,,UK,"September 25, 2010",2010,423,
315,centro,CentrO,Oberhausen,,Germany,"September 25, 2010",2010,403,
316,riverparksquare,River Park Square,Spokane,WA,USA,"September 25, 2010",2010,420,
317,chinookcentre,Chinook Centre,Calgary,Alberta,Canada,"September 29, 2010",2010,209,
318,charlestown,Charlestown,Newcastle,,Australia,"October 21, 2010",2010,385,
319,lincolnpark,Lincoln Park,Chicago,IL,USA,"October 23, 2010",2010,284,gallery
320,placestefoy,Place Ste-Foy,Quebec,Quebec,Canada,"November 13, 2010",2010,412,
321,summitmall,Summit Mall,Akron,OH,USA,"November 13, 2010",2010,353,
322,universityparkmall,University Park Mall,Mishawaka,IN,USA,"November 13, 2010",2010,360,
323,altmarkt-galerie,Altmarkt-Galerie,Dresden,,Germany,"March 31, 2011",2011,430,
324,sainte-catherine,Sainte-Catherine,Bordeaux,,France,"May 14, 2011",2011,424,
325,part-dieu,Part-Dieu,Lyon,,France,"June 4, 2011",2011,373,
326,theoracle,The Oracle,Reading,,UK,"June 25, 2011",2011,176,
327,fiordaliso,Fiordaliso,Milan,,Italy,"July 2, 2011",2011,441,
328,valenciatowncenter,Valencia Town Center,Valencia,CA,USA,"July 16, 2011",2011,462,
329,penrith,Penrith,Penrith,,Australia,"July 23, 2011",2011,440,
330,theamericanaatbrand,The Americana at Brand,Glendale,CA,USA,"July 30, 2011",2011,451,
331,southland,Southland,Cheltenham,,Australia,"August 13, 2011",2011,343,
332,igigli,I Gigli,Florence,,Italy,"August 13, 2011",2011,449,
333,fashionplace,Fashion Place,Murray,UT,USA,"August 13, 2011",2011,461,
334,anchorage5thavenuemall,Anchorage 5th Avenue Mall,Anchorage,AK,USA,"August 13, 2011",2011,262,
335,conestoga,Conestoga,Waterloo,Ontario,Canada,"August 13, 2011",2011,464,
336,festivalplace,Festival Place,Basingstoke,,UK,"August 20, 2011",2011,482,
337,parquesur,Parquesur,Madrid,,Spain,"August 20, 2011",2011,436,
338,4thstreet,4th Street,Berkeley,CA,USA,"August 20, 2011",2011,414,
339,carresenart,Carré Sénart,Lieusaint,,France,"August 27, 2011",2011,438,
340,thepromenadeatchenal,The Promenade at Chenal,Little Rock,AR,USA,"August 27, 2011",2011,286,
341,northlakemall,Northlake Mall,Charlotte,NC,USA,"August 27, 2011",2011,463,
342,city-galerie,City-Galerie,Augsburg,,Germany,"September 3, 2011",2011,431,
343,campania,Campania,Marcianise,,Italy,"September 3, 2011",2011,453,
344,mapleviewcentre,Mapleview Centre,Burlington,Ontario,Canada,"September 3, 2011",2011,447,
345,stratfordcity,Stratford City,London,,UK,"September 13, 2011",2011,410,
346,jungfernstieg,Jungfernstieg,Hamburg,,Germany,"September 17, 2011",2011,396,gallery
347,viarizzoli,Via Rizzoli,Bologna,,Italy,"September 17, 2011",2011,427,
348,braehead,Braehead,Glasgow,,UK,"September 17, 2011",2011,340,
349,cielovistamall,Cielo Vista Mall,El Paso,TX,USA,"September 17, 2011",2011,492,
350,nanjingeast,Nanjing East,Shanghai,,China,"September 23, 2011",2011,359,gallery
351,ifcmall,ifc mall,Hong Kong,,China,"September 24, 2011",2011,428,gallery
352,hornsby,Hornsby,Hornsby,,Australia,"September 24, 2011",2011,458,
353,centrosicilia,Centro Sicilia,Catania,,Italy,"September 24, 2011",2011,454,
354,parly2,Parly 2,Chesnay,,France,"September 24, 2011",2011,374,
355,newhaven,New Haven,New Haven,CT,USA,"September 24, 2011",2011,446,
356,metrotown,Metrotown,Burnaby,British Columbia,Canada,"September 24, 2011",2011,460,
357,mtz,MTZ,Sulzbach,,Germany,"November 17, 2011",2011,434,
358,lacanada,La Cañada,Marbella,,Spain,"November 25, 2011",2011,468,
359,callecolon,Calle Colón,Valencia,,Spain,"December 3, 2011",2011,419,
360,grandcentral,Grand Central,New York,NY,USA,"December 9, 2011",2011,415,gallery
361,amsterdam,Amsterdam,Amsterdam,,Netherlands,"March 3, 2012",2012,408,gallery
362,highlandvillage,Highland Village,Houston,TX,USA,"March 16, 2012",2012,437,
363,confluence,Confluence,Lyon,,France,"April 4, 2012",2012,469,
364,portadiroma,Porta di Roma,Rome,,Italy,"April 21, 2012",2012,381,
365,granplaza2,Gran Plaza 2,Madrid,,Spain,"April 27, 2012",2012,435,
366,nuevacondomina,Nueva Condomina,Murcia,,Spain,"May 12, 2012",2012,507,
367,lesquatretemps,Les Quatre Temps,Puteaux,,France,"May 25, 2012",2012,178,
368,masonville,Masonville,London,Ontario,Canada,"June 23, 2012",2012,489,
369,broadway,Broadway,Broadway,,Australia,"June 30, 2012",2012,523,
370,ridgehill,Ridge Hill,Yonkers,NY,USA,"June 30, 2012",2012,261,
371,coolspringsgalleria,CoolSprings Galleria,Franklin,TN,USA,"June 30, 2012",2012,513,
372,passeigdegracia,Passeig de Gràcia,Barcelona,,Spain,"July 28, 2012",2012,368,gallery
373,halifaxshoppingcentre,Halifax Shopping Centre,Halifax,Nova Scotia,Canada,"August 18, 2012",2012,514,
374,coquitlamcentre,Coquitlam Centre,Coquitlam,British Columbia,Canada,"August 18, 2012",2012,488,
375,carindale,Carindale,Carindale,,Australia,"August 25, 2012",2012,509,
376,rheincenter,Rhein Center,Köln,,Germany,"September 1, 2012",2012,520,
377,canberra,Canberra,Canberra,,Australia,"September 8, 2012",2012,483,
378,gardencityperth,Garden City Perth,Booragoon,,Australia,"September 8, 2012",2012,508,
379,bayshoreshoppingcentre,Bayshore Shopping Centre,Ottawa,Ontario,Canada,"September 8, 2012",2012,490,
380,tabycentrum,Täby Centrum,Täby,,Sweden,"September 15, 2012",2012,505,
381,strasbourg,Strasbourg,Strasbourg,,France,"September 15, 2012",2012,394,
382,watford,Watford,Watford,,UK,"September 15, 2012",2012,527,
383,rioshopping,Rio Shopping,Valladolid,,Spain,"September 20, 2012",2012,538,
384,sindelfingen,Sindelfingen,Sindelfingen,,Germany,"September 21, 2012",2012,519,
385,latoisondor,La Toison d'Or,Dijon,,France,"September 21, 2012",2012,522,
386,valleyplaza,Valley Plaza,Bakersfield,CA,USA,"September 21, 2012",2012,550,
387,illeone,il Leone,Lonato,,Italy,"September 21, 2012",2012,547,
388,festivalwalk,Festival Walk,Hong Kong,,China,"September 29, 2012",2012,485,
389,bromley,Bromley,Bromley,,UK,"September 29, 2012",2012,496,
390,puertovenecia,Puerto Venencia,Zaragoza,,Spain,"October 4, 2012",2012,377,
391,viaroma,Via Roma,Torino,,Italy,"October 13, 2012",2012,442,
392,valdeurope,Val d'Europe,Marne-la-Vallée,,France,"October 13, 2012",2012,425,
393,wangfujing,Wangfujing,Beijing,,China,"October 20, 2012",2012,448,
394,holidayplazashenzhen,Holiday Plaza Shenzhen,Shenzhen,,China,"November 3, 2012",2012,484,
395,atlantis,Atlantis,Saint-Herblain,,France,"November 15, 2012",2012,470,
396,willowgrovepark,Willow Grove Park,Willow Grove,PA,USA,"November 17, 2012",2012,234,
397,citycreekcenter,City Creek Center,Salt Lake City,UT,USA,"November 17, 2012",2012,125,
398,mixcchengdu,MixC Chengdu,Chengdu,,China,"December 15, 2012",2012,502,
399,fountaingate,Fountain Gate,Fountain Gate,,Australia,"December 15, 2012",2012,530,
400,causewaybay,Causeway Bay,Hong Kong,,China,"December 15, 2012",2012,409,
401,emporia,Emporia,Malmö,,Sweden,"December 15, 2012",2012,503,
402,trinityleeds,Trinity Leeds,Leeds,,UK,"March 21, 2013",2013,372,
403,drakecircus,Drake Circus,Plymouth,,UK,"April 20, 2013",2013,545,
404,highpoint,High Point,Maribyrnong,,Australia,"April 27, 2013",2013,504,
405,dix30,DIX30,Brossard,Quebec,Canada,"April 27, 2013",2013,512,
406,kurfuerstendamm,Kurfürstendamm,Berlin,,Germany,"May 3, 2013",2013,358,gallery
407,rundleplace,Rundle Place,Adelaide,,Australia,"May 25, 2013",2013,405,
408,quakerbridge,Quaker Bridge,Lawrence Township,NJ,USA,"June 29, 2013",2013,549,
409,rosny2,Rosny 2,Rosny-sous-Bois,,France,"July 6, 2013",2013,536,
410,markvilleshoppingcentre,Markville Shopping Centre,Markham,Ontario,Canada,"July 27, 2013",2013,515,
411,lebefane,Le Befane,Rimini,,Italy,"August 3, 2013",2013,564,
412,euroma2,Euroma2,Roma,,Italy,"August 31, 2013",2013,562,
413,stationpark,Station Park,Farmington,UT,USA,"September 20, 2013",2013,599,
414,oez,OEZ,Munich,,Germany,"September 28, 2013",2013,521,
415,guildfordtowncentre,Guildford Town Centre,Surrey,British Columbia,Canada,"September 28, 2103",2013,601,
416,potomactowncenter,Potomac Town Center,Woodbridge,VA,USA,"September 28, 2013",2013,598,
417,shanghaiiapm,Shanghai iapm,Shanghai,,China,"October 26, 2013",2013,401,
418,valacentrum,Väla Centrum,Helsingborg,,Sweden,"November 9, 2013",2013,593,
419,haarlem,Haarlem,Haarlem,,Netherlands,"December 7, 2013",2013,539,
420,duesseldorf,Düsseldorf,Düsseldorf,,Germany,"December 14, 2013",2013,331,
421,chinacentralmall,China Central Mall,Beijing,,China,"January 10, 2014",2014,479,
422,brisbane,Brisbane,Brisbane,,Australia,"January 17, 2014",2014,466,gallery
423,villagemall,VillageMall,Rio de Janeiro,,Brazil,"February 15, 2014",2014,456,
424,zorlucenter,Zorlu Center,İstanbul,,Turkey,"April 5, 2014",2014,583,gallery
425,omotesando,Omotesando,Tokyo,,Japan,"June 13, 2014",2014,224,gallery
426,aix-en-provence,Aix-en-Provence,Aix-en-Provence,,France,"June 14, 2014",2014,477,
427,puertadelsol,Puerta del Sol,Madrid,,Spain,"June 21, 2014",2014,450,
428,freiestrasse,Freie Strasse,Basel,,Switzerland,"July 12, 2014",2014,439,
429,thegreene,The Greene,Beavercreek,OH,USA,"July 18, 2014",2014,518,
430,paradisewalkchongqing,Paradise Walk Chongqing,Chongqing,,China,"July 26, 2014",2014,476,
431,center66wuxi,Center 66 Wuxi,Wuxi,,China,"August 2, 2014",2014,574,
432,denhaag,Den Haag,The Hague,,Netherlands,"August 9, 2014",2014,540,
433,eastwoodtownecenter,Eastwood Towne Center,Lansing,MI,USA,"August 9, 2014",2014,616,
434,evergreenwalk,Evergreen Walk,South Windsor,CT,USA,"August 23, 2014",2014,613,
435,cumberlandmall,Cumberland Mall,Atlanta,GA,USA,"September 6, 2014",2014,591,
436,lynnhavenmall,Lynnhaven Mall,Virginia Beach,VA,USA,"September 19, 2014",2014,614,
437,hannover,Hannover,Hannover,,Germany,"September 27, 2014",2014,455,
438,navedevero,Nave de Vero,Marghera,,Italy,"October 11, 2014",2014,625,
439,solomonpondmall,Solomon Pond Mall,Marlborough,MA,USA,"October 11, 2014",2014,622,
440,trumbull,Trumbull,Trumbull,CT,USA,"October 11, 2014",2014,629,
441,universitytowncenter,University Town Center,Sarasota,FL,USA,"October 16, 2014",2014,615,
442,princesstreet,Princes Street,Edinburgh,,UK,"October 18, 2014",2014,328,
443,themallofnewhampshire,The Mall of New Hampshire,Manchester,NH,USA,"October 18, 2014",2014,631,
444,akasya,Akasya,Instanbul,,Turkey,"October 25, 2014",2014,588,
445,lille,Lille,Lille,,France,"November 15, 2014",2014,376,
446,summerlin,Summerlin,Las Vegas,NV,USA,"November 22, 2014",2014,650,
447,franklinparkmall,Franklin Park Mall,Toledo,OH,USA,"December 6, 2014",2014,299,
448,mixczhengzhou,MixC Zhengzhou,Zhengzhou,,China,"January 10, 2015",2015,572,
449,westlake,West Lake,Hangzhou,,China,"January 24, 2015",2015,471,gallery
450,jiefangbei,Jiefangbei,Chongqing,,China,"January 30, 2015",2015,480,gallery
451,tianjinjoycity,Tianjin Joy City,Tianjin,,China,"February 7, 2015",2015,637,
452,zhongjiejoycity,Zhongjie Joy City,Shenyang,,China,"February 28, 2015",2015,534,
453,mixcchongqing,MixC Chongqing,Chongqing,,China,"March 7, 2015",2015,573,
454,morumbi,Morumbi,São Paulo,,Brazil,"April 18, 2015",2015,608,
455,mixchangzhou,MixC Hangzhou,Hangzhou,,China,"April 24, 2015",2015,532,
456,uppereastside,Upper East Side,New York,NY,USA,"June 13, 2015",2015,582,gallery
457,queenscenter,Queens Center,New York,NY,USA,"July 11, 2015",2015,612,
458,miranda,Miranda,Miranda,,Australia,"July 25, 2015",2015,606,
459,cantonroad,Canton Road,Hong Kong,,China,"July 30, 2015",2015,499,gallery
460,wondercity,Wonder City,Nanjing,,China,"September 19, 2015",2015,643,
461,brussels,Brussels,Brussels,,Belgium,"September 19, 2015",2015,486,gallery
462,firenze,Firenze,Florence,,Italy,"September 26, 2015",2015,602,
463,parkland,Parkland,Dalian,,China,"October 24, 2015",2015,478,
464,malloftheemirates,Mall of the Emirates,Dubai,,United Arab Emirates,"October 29, 2015",2015,596,gallery
465,yasmall,Yas Mall,Abu Dhabi,,United Arab Emirates,"October 29, 2015",2015,595,
466,taikoolichengdu,Taikoo Li Chengdu,Chengdu,,China,"November 11, 2015",2015,580,
467,chaoyangjoycity,Chaoyang Joy City,Beijing,,China,"November 28, 2015",2015",645,
468,mixcnanning,MixC Nanning,Nanning,,China,"December 12, 2015",2015,571,
469,mixcshenyang,MixC Shengyang,Shengyang,,China,"January 9, 2016",2016,576,
470,xiamenlifestylecenter,Xiamen Lifestyle Center,Xiamen,,China,"January 14, 2016",2016,644,
471,nanjingist,Nanjing IST,Nanjing,,China,"January 16, 2016",2016,493,
472,parccentral,Parc Central,Guanzhou,,China,"January 28, 2016",2016,577,gallery
473,mixcqingdao,MixC Qingdao,Qingdao,,China,"January 30, 2016",2016,557,
474,olympia66dalian,Olympia 66 Dalian,Dalian,,China,"March 19, 2016",2016,609,
475,riverside66tianjin,Riverside 66 Tianjin,Tianjin,,China,"March 26, 2016",2016,579,
476,thaihotplaza,Thaihot Plaza,Fuzhou,,China,"April 2, 2016",2016,646,
477,marseille,Marseille,Marseille,,France,"May 14, 2016",2016,357,
478,parc66jinan,Parc 66 Jinan,Jinan,,China,"May 21, 2016",2016,647,
479,globalharbor,Global Harbor,Shanghai,,China,"May 28, 2016",2016,683,
480,galaxymall,Galaxy Mall,Tianjin,,China,"June 11, 2016",2016,638,
481,wujiaochang,Wujiaochang,Shanghai,,China,"June 18, 2016",2016,581,
482,galaxymacau,Galaxy Macau,Macao,,China,"June 25, 2016",2016,672,
483,newtownplaza,New Town Plaza,Hong Kong,,China,"June 30, 2016",2016,610,
484,williamsburg,Williamsburg,Brooklyn,NY,USA,"July 30, 2016",2016,594,
485,worldtradecenter,World Trade Center,New York,NY,USA,"August 16, 2016",2016,654,
486,apmhongkong,apm Hong Kong,Hong Kong,,China,"September 22, 2016",2016,673,
487,viasantafe,Vía Santa Fe,Del. Cuajimalpa,,Mexico,"September 24, 2016",2016,708,
488,zhujiangnewtown,Zhujiang New Town,Guangzhou,,China,"December 1, 2016",2016,639,
489,marchesaintgermain,Marché Saint-Germain,Paris,,France,"December 3, 2016",2016,566,
490,qibao,Qibao,Shanghai,,China,"December 10, 2016",2016,705,
491,kunming,Kunming,Kungming,,China,"January 21, 2017",2017,670,
492,nanjingjinmaoplace,Nanjing Jinmao Place,Nanjing,,China,"March 25, 2017",2017,703,
493,schildergasse,Schildergasse,Cologne,,Germany,"March 25, 2017",2017,559,gallery
494,brickellcitycentre,Brickell City Centre,Miami,FL,USA,"March 25, 2017",2017,623,
495,dubaimall,Dubai Mall,Dubai,,United Arab Emirates,"April 27, 2017",2017,597,
